﻿<?xml version="1.0" encoding="utf-8"?>
<abapGit version="v1.0.0" serializer="LCL_OBJECT_CLAS" serializer_version="v1.0.0">
 <asx:abap xmlns:asx="http://www.sap.com/abapxml" version="1.0">
  <asx:values>
   <VSEOCLASS>
    <CLSNAME>ZCL_AOC_CHECK_43</CLSNAME>
    <LANGU>E</LANGU>
    <DESCRIPT>043 - Parameter name can be omitted</DESCRIPT>
    <STATE>1</STATE>
    <CLSCCINCL>X</CLSCCINCL>
    <FIXPT>X</FIXPT>
    <UNICODE>X</UNICODE>
    <RSTAT>P</RSTAT>
    <WITH_UNIT_TESTS>X</WITH_UNIT_TESTS>
   </VSEOCLASS>
   <TPOOL>
    <item>
     <ID>I</ID>
     <KEY>M01</KEY>
     <ENTRY>Parameter name &amp;1 can be omitted</ENTRY>
     <LENGTH>64</LENGTH>
    </item>
   </TPOOL>
   <LINES>
    <TLINE>
     <TDFORMAT>*</TDFORMAT>
     <TDLINE>abapOpenChecks</TDLINE>
    </TLINE>
    <TLINE>
     <TDFORMAT>*</TDFORMAT>
     <TDLINE>https://github.com/larshp/abapOpenChecks</TDLINE>
    </TLINE>
    <TLINE>
     <TDFORMAT>*</TDFORMAT>
     <TDLINE>MIT License</TDLINE>
    </TLINE>
   </LINES>
  </asx:values>
 </asx:abap>
</abapGit>
