﻿<?xml version="1.0" encoding="utf-8"?>
<abapGit version="v1.0.0" serializer="LCL_OBJECT_TABL" serializer_version="v1.0.0">
 <asx:abap xmlns:asx="http://www.sap.com/abapxml" version="1.0">
  <asx:values>
   <DD02V>
    <TABNAME>ZAOC_NAMING_PREFIX</TABNAME>
    <DDLANGUAGE>E</DDLANGUAGE>
    <TABCLASS>INTTAB</TABCLASS>
    <DDTEXT>Prefix Naming</DDTEXT>
    <EXCLASS>1</EXCLASS>
   </DD02V>
   <DD03P_TABLE>
    <DD03P>
     <FIELDNAME>PREFIX_ELEMEN</FIELDNAME>
     <ADMINFIELD>0</ADMINFIELD>
     <INTTYPE>g</INTTYPE>
     <INTLEN>000008</INTLEN>
     <DATATYPE>SSTR</DATATYPE>
     <LENG>000040</LENG>
     <MASK>  SSTR</MASK>
     <DDTEXT>Elementary</DDTEXT>
    </DD03P>
    <DD03P>
     <FIELDNAME>PREFIX_GENERI</FIELDNAME>
     <ADMINFIELD>0</ADMINFIELD>
     <INTTYPE>g</INTTYPE>
     <INTLEN>000008</INTLEN>
     <DATATYPE>SSTR</DATATYPE>
     <LENG>000040</LENG>
     <MASK>  SSTR</MASK>
     <DDTEXT>Generic Type (ANY, DATA)</DDTEXT>
    </DD03P>
    <DD03P>
     <FIELDNAME>PREFIX_STRUCT</FIELDNAME>
     <ADMINFIELD>0</ADMINFIELD>
     <INTTYPE>g</INTTYPE>
     <INTLEN>000008</INTLEN>
     <DATATYPE>SSTR</DATATYPE>
     <LENG>000040</LENG>
     <MASK>  SSTR</MASK>
     <DDTEXT>Structure</DDTEXT>
    </DD03P>
    <DD03P>
     <FIELDNAME>PREFIX_TANY</FIELDNAME>
     <ADMINFIELD>0</ADMINFIELD>
     <INTTYPE>g</INTTYPE>
     <INTLEN>000008</INTLEN>
     <DATATYPE>SSTR</DATATYPE>
     <LENG>000040</LENG>
     <MASK>  SSTR</MASK>
     <DDTEXT>Table (ANY TABLE)</DDTEXT>
    </DD03P>
    <DD03P>
     <FIELDNAME>PREFIX_THASH</FIELDNAME>
     <ADMINFIELD>0</ADMINFIELD>
     <INTTYPE>g</INTTYPE>
     <INTLEN>000008</INTLEN>
     <DATATYPE>SSTR</DATATYPE>
     <LENG>000040</LENG>
     <MASK>  SSTR</MASK>
     <DDTEXT>Table (HASHED TABLE)</DDTEXT>
    </DD03P>
    <DD03P>
     <FIELDNAME>PREFIX_TINDEX</FIELDNAME>
     <ADMINFIELD>0</ADMINFIELD>
     <INTTYPE>g</INTTYPE>
     <INTLEN>000008</INTLEN>
     <DATATYPE>SSTR</DATATYPE>
     <LENG>000040</LENG>
     <MASK>  SSTR</MASK>
     <DDTEXT>Table (INDEX TABLE)</DDTEXT>
    </DD03P>
    <DD03P>
     <FIELDNAME>PREFIX_TSTAND</FIELDNAME>
     <ADMINFIELD>0</ADMINFIELD>
     <INTTYPE>g</INTTYPE>
     <INTLEN>000008</INTLEN>
     <DATATYPE>SSTR</DATATYPE>
     <LENG>000040</LENG>
     <MASK>  SSTR</MASK>
     <DDTEXT>Table (STANDARD TABLE)</DDTEXT>
    </DD03P>
    <DD03P>
     <FIELDNAME>PREFIX_TSORT</FIELDNAME>
     <ADMINFIELD>0</ADMINFIELD>
     <INTTYPE>g</INTTYPE>
     <INTLEN>000008</INTLEN>
     <DATATYPE>SSTR</DATATYPE>
     <LENG>000040</LENG>
     <MASK>  SSTR</MASK>
     <DDTEXT>Table (SORTED TABLE)</DDTEXT>
    </DD03P>
    <DD03P>
     <FIELDNAME>PREFIX_RDATA</FIELDNAME>
     <ADMINFIELD>0</ADMINFIELD>
     <INTTYPE>g</INTTYPE>
     <INTLEN>000008</INTLEN>
     <DATATYPE>SSTR</DATATYPE>
     <LENG>000040</LENG>
     <MASK>  SSTR</MASK>
     <DDTEXT>Data Reference</DDTEXT>
    </DD03P>
    <DD03P>
     <FIELDNAME>PREFIX_RCLASS</FIELDNAME>
     <ADMINFIELD>0</ADMINFIELD>
     <INTTYPE>g</INTTYPE>
     <INTLEN>000008</INTLEN>
     <DATATYPE>SSTR</DATATYPE>
     <LENG>000040</LENG>
     <MASK>  SSTR</MASK>
     <DDTEXT>Reference to General Class</DDTEXT>
    </DD03P>
    <DD03P>
     <FIELDNAME>PREFIX_RBADI</FIELDNAME>
     <ADMINFIELD>0</ADMINFIELD>
     <INTTYPE>g</INTTYPE>
     <INTLEN>000008</INTLEN>
     <DATATYPE>SSTR</DATATYPE>
     <LENG>000040</LENG>
     <MASK>  SSTR</MASK>
     <DDTEXT>Reference to BAdI Class</DDTEXT>
    </DD03P>
    <DD03P>
     <FIELDNAME>PREFIX_REXCEP</FIELDNAME>
     <ADMINFIELD>0</ADMINFIELD>
     <INTTYPE>g</INTTYPE>
     <INTLEN>000008</INTLEN>
     <DATATYPE>SSTR</DATATYPE>
     <LENG>000040</LENG>
     <MASK>  SSTR</MASK>
     <DDTEXT>Reference to Exception Class</DDTEXT>
    </DD03P>
    <DD03P>
     <FIELDNAME>PREFIX_RINTER</FIELDNAME>
     <ADMINFIELD>0</ADMINFIELD>
     <INTTYPE>g</INTTYPE>
     <INTLEN>000008</INTLEN>
     <DATATYPE>SSTR</DATATYPE>
     <LENG>000040</LENG>
     <MASK>  SSTR</MASK>
     <DDTEXT>Reference to Interface</DDTEXT>
    </DD03P>
   </DD03P_TABLE>
  </asx:values>
 </asx:abap>
</abapGit>
