﻿<?xml version="1.0" encoding="utf-8"?>
<abapGit version="v1.0.0" serializer="LCL_OBJECT_TABL" serializer_version="v1.0.0">
 <asx:abap xmlns:asx="http://www.sap.com/abapxml" version="1.0">
  <asx:values>
   <DD02V>
    <TABNAME>ZAOC_NAMING_OO</TABNAME>
    <DDLANGUAGE>E</DDLANGUAGE>
    <TABCLASS>INTTAB</TABCLASS>
    <DDTEXT>Object Oriented Naming</DDTEXT>
    <EXCLASS>1</EXCLASS>
   </DD02V>
   <DD03P_TABLE>
    <DD03P>
     <FIELDNAME>OO_OODATA</FIELDNAME>
     <ADMINFIELD>0</ADMINFIELD>
     <INTTYPE>g</INTTYPE>
     <INTLEN>000008</INTLEN>
     <DATATYPE>SSTR</DATATYPE>
     <LENG>000040</LENG>
     <MASK>  SSTR</MASK>
     <DDTEXT>DATA</DDTEXT>
    </DD03P>
    <DD03P>
     <FIELDNAME>OO_OOCDAT</FIELDNAME>
     <ADMINFIELD>0</ADMINFIELD>
     <INTTYPE>g</INTTYPE>
     <INTLEN>000008</INTLEN>
     <DATATYPE>SSTR</DATATYPE>
     <LENG>000040</LENG>
     <MASK>  SSTR</MASK>
     <DDTEXT>CLASS-DATA</DDTEXT>
    </DD03P>
    <DD03P>
     <FIELDNAME>OO_OOCONS</FIELDNAME>
     <ADMINFIELD>0</ADMINFIELD>
     <INTTYPE>g</INTTYPE>
     <INTLEN>000008</INTLEN>
     <DATATYPE>SSTR</DATATYPE>
     <LENG>000040</LENG>
     <MASK>  SSTR</MASK>
     <DDTEXT>CONSTANTS</DDTEXT>
    </DD03P>
    <DD03P>
     <FIELDNAME>OO_OOTYPE</FIELDNAME>
     <ADMINFIELD>0</ADMINFIELD>
     <INTTYPE>g</INTTYPE>
     <INTLEN>000008</INTLEN>
     <DATATYPE>SSTR</DATATYPE>
     <LENG>000040</LENG>
     <MASK>  SSTR</MASK>
     <DDTEXT>TYPES</DDTEXT>
    </DD03P>
    <DD03P>
     <FIELDNAME>OO_OOIMPO</FIELDNAME>
     <ADMINFIELD>0</ADMINFIELD>
     <INTTYPE>g</INTTYPE>
     <INTLEN>000008</INTLEN>
     <DATATYPE>SSTR</DATATYPE>
     <LENG>000040</LENG>
     <MASK>  SSTR</MASK>
     <DDTEXT>IMPORTING</DDTEXT>
    </DD03P>
    <DD03P>
     <FIELDNAME>OO_OOEXPO</FIELDNAME>
     <ADMINFIELD>0</ADMINFIELD>
     <INTTYPE>g</INTTYPE>
     <INTLEN>000008</INTLEN>
     <DATATYPE>SSTR</DATATYPE>
     <LENG>000040</LENG>
     <MASK>  SSTR</MASK>
     <DDTEXT>EXPORTING</DDTEXT>
    </DD03P>
    <DD03P>
     <FIELDNAME>OO_OOCHAN</FIELDNAME>
     <ADMINFIELD>0</ADMINFIELD>
     <INTTYPE>g</INTTYPE>
     <INTLEN>000008</INTLEN>
     <DATATYPE>SSTR</DATATYPE>
     <LENG>000040</LENG>
     <MASK>  SSTR</MASK>
     <DDTEXT>CHANGING</DDTEXT>
    </DD03P>
    <DD03P>
     <FIELDNAME>OO_OORETU</FIELDNAME>
     <ADMINFIELD>0</ADMINFIELD>
     <INTTYPE>g</INTTYPE>
     <INTLEN>000008</INTLEN>
     <DATATYPE>SSTR</DATATYPE>
     <LENG>000040</LENG>
     <MASK>  SSTR</MASK>
     <DDTEXT>RETURNING</DDTEXT>
    </DD03P>
    <DD03P>
     <FIELDNAME>OO_OOLCLA</FIELDNAME>
     <ADMINFIELD>0</ADMINFIELD>
     <INTTYPE>g</INTTYPE>
     <INTLEN>000008</INTLEN>
     <DATATYPE>SSTR</DATATYPE>
     <LENG>000040</LENG>
     <MASK>  SSTR</MASK>
     <DDTEXT>CLASS</DDTEXT>
    </DD03P>
    <DD03P>
     <FIELDNAME>OO_OOLTCL</FIELDNAME>
     <ADMINFIELD>0</ADMINFIELD>
     <INTTYPE>g</INTTYPE>
     <INTLEN>000008</INTLEN>
     <DATATYPE>SSTR</DATATYPE>
     <LENG>000040</LENG>
     <MASK>  SSTR</MASK>
     <DDTEXT>Test CLASS</DDTEXT>
    </DD03P>
    <DD03P>
     <FIELDNAME>OO_OOLINT</FIELDNAME>
     <ADMINFIELD>0</ADMINFIELD>
     <INTTYPE>g</INTTYPE>
     <INTLEN>000008</INTLEN>
     <DATATYPE>SSTR</DATATYPE>
     <LENG>000040</LENG>
     <MASK>  SSTR</MASK>
     <DDTEXT>INTERFACE</DDTEXT>
    </DD03P>
    <DD03P>
     <FIELDNAME>OO_OOLXCL</FIELDNAME>
     <ADMINFIELD>0</ADMINFIELD>
     <INTTYPE>g</INTTYPE>
     <INTLEN>000008</INTLEN>
     <DATATYPE>SSTR</DATATYPE>
     <LENG>000040</LENG>
     <MASK>  SSTR</MASK>
     <DDTEXT>Exception CLASS</DDTEXT>
    </DD03P>
   </DD03P_TABLE>
  </asx:values>
 </asx:abap>
</abapGit>
